{"draw_idx": 50, "draws": null, "_stats": [{"depth": [8, 13, 14, 11, 13, 10, 13, 13, 9, 13, 13, 14, 13, 12, 11, 14, 11, 12, 13, 13, 13, 10, 13, 12, 10, 11, 15, 12, 14, 13, 14, 14, 15, 12, 14, 13, 13, 14, 8, 13, 12, 14, 12, 8, 14, 14, 12, 14, 14, 13], "step_size": [0.0017442812760094678, 0.0017442812760094678, 0.0017442812760094678, 0.0017442812760094678, 0.0017442812760094678, 0.0017442812760094678, 0.0017442812760094678, 0.0017442812760094678, 0.0017442812760094678, 0.0017442812760094678, 0.0017442812760094678, 0.0017442812760094678, 0.0017442812760094678, 0.0017442812760094678, 0.0017442812760094678, 0.0017442812760094678, 0.0017442812760094678, 0.0017442812760094678, 0.0017442812760094678, 0.0017442812760094678, 0.0017442812760094678, 0.0017442812760094678, 0.0017442812760094678, 0.0017442812760094678, 0.0017442812760094678, 0.0017442812760094678, 0.0017442812760094678, 0.0017442812760094678, 0.0017442812760094678, 0.0017442812760094678, 0.0017442812760094678, 0.0017442812760094678, 0.0017442812760094678, 0.0017442812760094678, 0.0017442812760094678, 0.0017442812760094678, 0.0017442812760094678, 0.0017442812760094678, 0.0017442812760094678, 0.0017442812760094678, 0.0017442812760094678, 0.0017442812760094678, 0.0017442812760094678, 0.0017442812760094678, 0.0017442812760094678, 0.0017442812760094678, 0.0017442812760094678, 0.0017442812760094678, 0.0017442812760094678, 0.0017442812760094678], "tune": [true, false, false, false, false, false, false, false, false, false, false, false, false, false, false, false, false, false, false, false, false, false, false, false, false, false, false, false, false, false, false, false, false, false, false, false, false, false, false, false, false, false, false, false, false, false, false, false, false, false], "mean_tree_accept": [0.6418098361003423, 0.9406359508996913, 0.8876194245991077, 0.9588283499970944, 0.9766249011695551, 0.9865935288579752, 0.996513095269501, 0.9054559875209889, 0.19095087082452677, 0.9908288988488324, 0.9924167883338335, 0.49239606247177814, 0.7490541169472292, 0.954080026374954, 0.49151430887309155, 0.9717242689689826, 0.8363812756641241, 0.8498769430258575, 0.8031258920517136, 0.9587822778234367, 0.7397374604098663, 0.9447859967728351, 0.9289172710771869, 0.7080927772884679, 0.8381255929684629, 0.48388982621248516, 0.9788498187402255, 0.932530011951438, 0.5461369973508392, 0.23664939063735788, 0.979195822377751, 0.7321547285726389, 0.9508591948143496, 0.9859425307798497, 0.9152314839803913, 0.2649849159594022, 0.3619880174686023, 0.9902434057135298, 0.49855399595049904, 0.8786060887771078, 0.7523060569345452, 0.7518000034951984, 0.9944531179310363, 0.34063925799034406, 0.7726663196999565, 0.48506908200812204, 0.7769653808866498, 0.7178778718093449, 0.9120990506846312, 0.9794229523377521], "step_size_bar": [0.002186421796681142, 0.002186421796681142, 0.002186421796681142, 0.002186421796681142, 0.002186421796681142, 0.002186421796681142, 0.002186421796681142, 0.002186421796681142, 0.002186421796681142, 0.002186421796681142, 0.002186421796681142, 0.002186421796681142, 0.002186421796681142, 0.002186421796681142, 0.002186421796681142, 0.002186421796681142, 0.002186421796681142, 0.002186421796681142, 0.002186421796681142, 0.002186421796681142, 0.002186421796681142, 0.002186421796681142, 0.002186421796681142, 0.002186421796681142, 0.002186421796681142, 0.002186421796681142, 0.002186421796681142, 0.002186421796681142, 0.002186421796681142, 0.002186421796681142, 0.002186421796681142, 0.002186421796681142, 0.002186421796681142, 0.002186421796681142, 0.002186421796681142, 0.002186421796681142, 0.002186421796681142, 0.002186421796681142, 0.002186421796681142, 0.002186421796681142, 0.002186421796681142, 0.002186421796681142, 0.002186421796681142, 0.002186421796681142, 0.002186421796681142, 0.002186421796681142, 0.002186421796681142, 0.002186421796681142, 0.002186421796681142, 0.002186421796681142], "tree_size": [255.0, 8191.0, 12799.0, 2047.0, 8191.0, 1023.0, 8191.0, 8191.0, 435.0, 6143.0, 8191.0, 11367.0, 8191.0, 4095.0, 1283.0, 16383.0, 1299.0, 4095.0, 7335.0, 8191.0, 4991.0, 895.0, 4351.0, 3003.0, 935.0, 1871.0, 24575.0, 4095.0, 8851.0, 7143.0, 12287.0, 15871.0, 22015.0, 4095.0, 12287.0, 5119.0, 7167.0, 16383.0, 255.0, 8191.0, 4095.0, 12287.0, 4095.0, 250.0, 12287.0, 13091.0, 3865.0, 13495.0, 16383.0, 8191.0], "diverging": [false, false, false, false, false, false, false, false, false, false, false, false, false, false, true, false, false, false, true, false, false, false, false, false, false, false, false, false, false, false, false, false, false, false, false, false, false, false, false, false, false, false, false, true, false, false, false, false, false, false], "energy_error": [0.5425040462366724, 0.024403389243843776, 0.140944057576462, 0.0874545169317571, 0.08309957093115372, 0.0019955595316787367, -0.09792915577918393, 0.03022421529408348, 0.5145248326334695, 0.023803086001635165, -0.12869524553593692, 0.1628773836844175, 0.1064276287577286, -0.3458043306166019, -1.0785523637468941, 0.17325540214119428, -0.0456769475326837, -0.8074297083139754, -0.1934388381480403, -2.474490640028989, 0.17635966437114803, -2.397608168308352, -0.21490620739859878, -0.9747296656903472, -0.5916254865844621, -0.021397477410801002, -0.2748304867279785, 0.12108677647961485, -1.3195627187192258, 0.7737712138773531, -0.07343627463183111, 0.041014906025111486, 0.004250626748898867, 0.08514954289012167, -0.17543986632585984, -0.16747798364235678, 0.6299684270984471, 0.03558971539882805, -11.78416194747183, 0.4571759388520604, -0.5639844068941784, -0.036253107734637524, -0.012889310903119622, -0.1313394134651844, 0.12672534927560264, 0.27407688633502403, -1.331478919675419, -1.5357723988695398, 0.05696631122737017, -1.159063783935835], "energy": [1606.308796566398, 1609.8716391394664, 1603.90949498474, 1581.205523955598, 1591.963475257137, 1584.1591064642118, 1584.7801024661508, 1581.4813738779649, 1579.560552159756, 1578.7466118871503, 1586.1959552325784, 1583.4973179460455, 1588.1553721531766, 1597.651997495731, 1574.5272778042329, 1575.6340782983116, 1575.6298395365156, 1563.3732342012954, 1570.5597905574077, 1595.1215390632933, 1599.692454585434, 1587.509464448815, 1578.7869023601668, 1572.288940128385, 1572.408968879494, 1591.1623239016872, 1593.2676671193562, 1594.3270876010286, 1577.405474635214, 1567.1696833120204, 1578.9805261302283, 1579.4046882872758, 1589.642436149516, 1581.9616801820684, 1585.5481682397335, 1591.6617711310882, 1586.268812285039, 1579.3027475844065, 1621.391699391072, 1608.5143914738196, 1602.1893099885983, 1578.191607604711, 1585.5121530626368, 1594.4877132013614, 1589.0897590567927, 1587.2605912597605, 1571.8315599070786, 1588.4825777166564, 1577.2663121541734, 1572.472373196328], "max_energy_error": [2.684807168452153, 0.2218865701354389, 0.4605738798538823, 0.11719572507035991, -0.24425513590722403, -0.6377359733587582, -0.13986480717858285, 0.4154422156173041, 189.58677214887007, -0.15947778258487233, -0.366885748564755, 623.749462525031, 1.1592167352430351, -1.2122347280192116, 3013.683470430168, 0.4156703476928669, 183.15003802735077, 1.7160744551201788, 3537.910273620593, -3.3272326215583234, 1.3162615101973643, -4.169553141970482, 0.8164211981081735, 236.8128882574747, 283.0337472761139, 337.2621504230219, 1.1723709925727235, 0.39345725288262656, 280.6297755718015, 707.8760087709625, -0.1532787332382668, 3.672882290571806, 0.11941764831044566, -0.21873063039720364, 0.7372294314916417, 14.731128966079268, 4.398512145224913, -0.08293220322002526, 115.30046798139824, 1.4157877494751574, 3.749192749440681, 1.49906308340951, -0.1307389301823605, 1609.1250059523354, 2.0254398450792905, 229.50632535724117, 655.1777044697219, 977.6012515411865, 0.9696040959827315, -1.4021964581816064],