{"draw_idx": 50, "draws": null, "_stats": [{"depth": [13, 12, 13, 7, 14, 13, 13, 13, 14, 13, 13, 13, 13, 13, 13, 13, 13, 13, 12, 14, 12, 10, 13, 12, 12, 13, 14, 13, 13, 14, 14, 13, 13, 13, 12, 13, 13, 10, 13, 14, 12, 9, 10, 13, 13, 10, 13, 13, 13, 13], "step_size": [0.0014425701986757323, 0.0014425701986757323, 0.0014425701986757323, 0.0014425701986757323, 0.0014425701986757323, 0.0014425701986757323, 0.0014425701986757323, 0.0014425701986757323, 0.0014425701986757323, 0.0014425701986757323, 0.0014425701986757323, 0.0014425701986757323, 0.0014425701986757323, 0.0014425701986757323, 0.0014425701986757323, 0.0014425701986757323, 0.0014425701986757323, 0.0014425701986757323, 0.0014425701986757323, 0.0014425701986757323, 0.0014425701986757323, 0.0014425701986757323, 0.0014425701986757323, 0.0014425701986757323, 0.0014425701986757323, 0.0014425701986757323, 0.0014425701986757323, 0.0014425701986757323, 0.0014425701986757323, 0.0014425701986757323, 0.0014425701986757323, 0.0014425701986757323, 0.0014425701986757323, 0.0014425701986757323, 0.0014425701986757323, 0.0014425701986757323, 0.0014425701986757323, 0.0014425701986757323, 0.0014425701986757323, 0.0014425701986757323, 0.0014425701986757323, 0.0014425701986757323, 0.0014425701986757323, 0.0014425701986757323, 0.0014425701986757323, 0.0014425701986757323, 0.0014425701986757323, 0.0014425701986757323, 0.0014425701986757323, 0.0014425701986757323], "tune": [true, false, false, false, false, false, false, false, false, false, false, false, false, false, false, false, false, false, false, false, false, false, false, false, false, false, false, false, false, false, false, false, false, false, false, false, false, false, false, false, false, false, false, false, false, false, false, false, false, false], "mean_tree_accept": [0.9959124315992551, 0.9754252218158729, 0.9586995932367928, 0.8459669648748903, 0.9072703800857036, 0.3468711866714554, 0.9719614488755253, 0.9245420108220144, 0.9372775068812605, 0.6044741934062511, 0.9870554727994185, 0.9979484073334496, 0.9472533455446309, 0.7981318372990291, 0.8648910193023591, 0.8871191722844655, 0.9983418043127114, 0.9315015886894409, 0.8415507864406848, 0.9080052002908224, 0.9946890626970342, 0.9995393188555501, 0.8107827008431278, 0.9850235611608634, 0.42303310499077856, 0.9691550575003639, 0.9964725150398709, 0.9052319699826381, 0.9005518525875967, 0.9980870407978527, 0.9887133664685034, 0.8062633307808703, 0.9981076834519216, 0.9045429491082143, 0.8079806934151401, 0.9995791081792424, 0.9573816990846641, 0.9974259655677897, 0.999114918141116, 0.3174359190926939, 0.8109001624599255, 0.4939817964796493, 0.5719549548316037, 0.9971291358278943, 0.9337439897694296, 0.2519153724838913, 0.824437589772216, 0.9490403157522, 0.7611558984201229, 0.9108886238762995], "step_size_bar": [0.0018305045985066066, 0.0018305045985066066, 0.0018305045985066066, 0.0018305045985066066, 0.0018305045985066066, 0.0018305045985066066, 0.0018305045985066066, 0.0018305045985066066, 0.0018305045985066066, 0.0018305045985066066, 0.0018305045985066066, 0.0018305045985066066, 0.0018305045985066066, 0.0018305045985066066, 0.0018305045985066066, 0.0018305045985066066, 0.0018305045985066066, 0.0018305045985066066, 0.0018305045985066066, 0.0018305045985066066, 0.0018305045985066066, 0.0018305045985066066, 0.0018305045985066066, 0.0018305045985066066, 0.0018305045985066066, 0.0018305045985066066, 0.0018305045985066066, 0.0018305045985066066, 0.0018305045985066066, 0.0018305045985066066, 0.0018305045985066066, 0.0018305045985066066, 0.0018305045985066066, 0.0018305045985066066, 0.0018305045985066066, 0.0018305045985066066, 0.0018305045985066066, 0.0018305045985066066, 0.0018305045985066066, 0.0018305045985066066, 0.0018305045985066066, 0.0018305045985066066, 0.0018305045985066066, 0.0018305045985066066, 0.0018305045985066066, 0.0018305045985066066, 0.0018305045985066066, 0.0018305045985066066, 0.0018305045985066066, 0.0018305045985066066], "tree_size": [8191.0, 4095.0, 8191.0, 127.0, 16383.0, 5394.0, 8191.0, 8191.0, 12287.0, 8191.0, 8191.0, 8191.0, 8191.0, 8191.0, 8191.0, 8191.0, 8191.0, 8191.0, 4095.0, 11263.0, 4095.0, 1023.0, 8191.0, 4095.0, 3483.0, 4607.0, 16383.0, 8191.0, 8191.0, 16383.0, 16383.0, 8191.0, 8191.0, 8191.0, 3167.0, 8191.0, 8191.0, 1023.0, 8191.0, 16383.0, 2111.0, 511.0, 983.0, 8191.0, 8191.0, 743.0, 4647.0, 8191.0, 8191.0, 8191.0], "diverging": [false, false, false, false, false, true, false, false, false, false, false, false, false, false, false, false, false, false, false, false, false, false, false, false, false, false, false, false, false, false, false, false, false, false, false, false, false, false, false, false, false, false, false, false, false, false, false, false, false, false], "energy_error": [-0.049174401738127926, -1.2247656818515225, -1.7784825789344723, 0.1869523566576845, -1.0035947879425748, -2.262629889107302, -0.630588285619524, -0.5464564159528891, -0.3225379782413711, 0.5275857491185434, -1.1244142959765213, -0.007673185660451054, -0.010227971890799381, 0.5971710365233776, 0.24805505267772787, -0.22463573720665408, -0.7836417351770706, -0.061015796761466845, -0.019407233405900115, 0.28917011572070805, -0.27129348735184067, -0.66271653072954, 0.23404632751021381, -2.2255596542920557, -2.183163937135987, -4.500556759544679, -0.013495916612328074, 0.12737417245625693, -2.9757240584528972, -0.12740135789204032, -0.06546648905100483, 0.3276417730955927, -0.6676179121670884, 0.2817069186464778, -2.1288803584250218, -0.23609526290874783, -1.906435652056416, -0.20977743803359772, -0.006083919153070383, 1.6829906087866675, -2.820653991652307, -1.311505508073651, -7.869225190258248, -1.6423363376809448, 0.48285778100716925, -9.798500966295023, -0.327327445226274, -0.12252215341800365, -0.002572833733893276, -0.3280680504678912], "energy": [1598.7601134667286, 1585.4388926948632, 1617.8547869019078, 1620.0241828914375, 1618.4043003899965, 1598.4326944169686, 1584.5772636759684, 1584.9392964101612, 1569.1884217259658, 1579.1356641935301, 1579.2682669143294, 1565.404545598929, 1582.395880466208, 1567.5929338532733, 1581.9633295154667, 1579.8958635483013, 1579.3689704951003, 1568.5553472551824, 1581.870472910972, 1581.8451566415504, 1586.113693238449, 1584.4310142283507, 1577.6463217893909, 1571.3411022974317, 1589.4168393211835, 1598.1258921873907, 1580.778906566924, 1558.4166087630315, 1572.5692879606097, 1566.8166048365035, 1564.7464377160827, 1573.0680063939203, 1578.9726463025145, 1600.1843246623337, 1589.1148763869471, 1561.4331267882674, 1578.7484068363224, 1574.7088495914622, 1566.657194480597, 1569.5626610026786, 1579.80358896899, 1574.3503512357736, 1567.8816939565747, 1573.5937760326879, 1566.4495520790167, 1579.3455080495635, 1569.382621805184, 1573.1425466229991, 1571.8804758519655, 1572.9402659382251], "max_energy_error": [-0.23820135394885256, -1.9674821164674086, -2.5176750118203017, 0.4986477690206357, 42.6204715122758, 2363.4901610577717, -1.605660220160189, -0.7816398119293808, 0.5156609610212399, 1.4298725891853792, -1.8453320366616026, -0.13668147156454324, 0.17832226116775018, 0.9782767592193977, 0.4498992808373714, 0.5290184765390222, -1.173921577011697, 0.219387492820033, 1.0374981721645327, 0.621742027783057, -0.4058002292129004, -0.8233323511853996, 0.7658235432024867, -2.5601413234521715, 153.93119767906728, -5.295547885445103, -0.029137459741377825, 0.2372191887293411, -3.231009276327086, -0.219836208710376, -0.17407156048989236, 0.617218998534554, -0.8628991879959358, 1.8956771677694633, 453.1677450116347, -0.9213654153404605, -3.3241761401054646, -0.44441835772636296, -0.17229174412045722, 24.47852611526423, 276.0391224184334, 642.6273299256063, 174.15865966088927, -2.327345942607508, 0.9549905360156572, 165.4792623284336, 178.07244698370664, 0.5456532953589885, 2.0714309913496436, 0.8019482411650642],